time,datetime,datetime_timezone,temperature_raw,temperature_average
0,_,_,20.5,20.05
0.2,_,_,21.5,20.195
0.3,_,_,22.5,20.4255
0.5,_,_,None,20.4255
0.6,_,_,23.5,20.73295
0.8,_,_,None,20.73295
0.9,_,_,None,20.73295
1,_,_,24.5,21.109655
