time,datetime,datetime_timezone,relative_humidity_raw,relative_humidity_average
0,_,_,50.5,50.1
0.2,_,_,None,50.1
0.3,_,_,51.5,50.38
0.5,_,_,None,50.38
0.6,_,_,52.5,50.804
0.8,_,_,None,50.804
0.9,_,_,53.5,51.3432
1,_,_,54.5,51.97456
