time,datetime_timezone,temperature_raw,temperature_average,relative_humidity_raw,relative_humidity_average
0,_,20.5,20.05,50.5,50.1
0.2,_,21.5,20.195,None,50.1
0.3,_,22.5,20.4255,51.5,50.38
0.5,_,None,20.4255,None,50.38
0.6,_,23.5,20.73295,52.5,50.804
0.8,_,None,20.73295,None,50.804
0.9,_,None,20.73295,53.5,51.3432
1,_,24.5,21.109655,54.5,51.97456
